https://www.linkedin.com/posts/dhruv-gupta-304987121_ansible-automation-devops-activity-7475995423313145856-xHZ3	2026-06-26	hiring DevOps Engineer "send your resume" India | hiring SRE OR "Site Reliability" "share your CV" remote | hiring "Platform Engineer" OR "Cloud Engineer" "drop your resume" India remote
https://www.linkedin.com/posts/freshers-talent-hub_oracle-urgently-remote-activity-7475969708777832448-Ci36	2026-06-26	hiring DevOps Engineer "send your resume" India | hiring SRE OR "Site Reliability" "share your CV" remote | hiring "Platform Engineer" OR "Cloud Engineer" "drop your resume" India remote
https://www.linkedin.com/posts/remote-work-solution_google-urgently-remote-activity-7475971312784437248-Eo4s	2026-06-26	hiring DevOps Engineer "send your resume" India | hiring SRE OR "Site Reliability" "share your CV" remote | hiring "Platform Engineer" OR "Cloud Engineer" "drop your resume" India remote
https://www.linkedin.com/posts/victoriachien516_hiring-recruitment-software-activity-7476163817215848448-yH2W	2026-06-26	hiring DevOps Engineer "send your resume" India | hiring SRE OR "Site Reliability" "share your CV" remote | hiring "Platform Engineer" OR "Cloud Engineer" "drop your resume" India remote
https://www.linkedin.com/posts/aaqilahmedkm_linkedin-activity-7476165034860044289-vbde	2026-06-26	hiring DevOps Engineer "send your resume" India | hiring SRE OR "Site Reliability" "share your CV" remote | hiring "Platform Engineer" OR "Cloud Engineer" "drop your resume" India remote
https://www.linkedin.com/posts/lakshmipriyadhamodaran_hiring-immediatehiring-sre-activity-7476164630571081728-RSCs	2026-06-26	hiring DevOps Engineer "send your resume" India | hiring SRE OR "Site Reliability" "share your CV" remote | hiring "Platform Engineer" OR "Cloud Engineer" "drop your resume" India remote
https://www.linkedin.com/posts/naveen-kumar-564696143_hiring-itjobs-techjobs-activity-7475917475746930688-qgEW	2026-06-26	hiring DevOps Engineer "send your resume" India | hiring SRE OR "Site Reliability" "share your CV" remote | hiring "Platform Engineer" OR "Cloud Engineer" "drop your resume" India remote
https://www.linkedin.com/posts/tejas-sonar-%E2%98%91%EF%B8%8F-15b47a1b0_capgemini-urgently-remote-activity-7475966885772042240-Lh86	2026-06-26	hiring DevOps Engineer "send your resume" India | hiring SRE OR "Site Reliability" "share your CV" remote | hiring "Platform Engineer" OR "Cloud Engineer" "drop your resume" India remote
https://www.linkedin.com/posts/lakshmi-8618892656_hiring-nowhiring-hiringalert-activity-7476163754385158144-CBoE	2026-06-26	hiring DevOps Engineer "send your resume" India | hiring SRE OR "Site Reliability" "share your CV" remote | hiring "Platform Engineer" OR "Cloud Engineer" "drop your resume" India remote
https://www.linkedin.com/posts/activity-7476162972042776576-Lc-P	2026-06-26	hiring DevOps Engineer "send your resume" India | hiring SRE OR "Site Reliability" "share your CV" remote | hiring "Platform Engineer" OR "Cloud Engineer" "drop your resume" India remote
https://www.linkedin.com/posts/praveen-kumar-deergasi-50a4b2226_sre-devops-aws-activity-7476163965958434816-oy2T	2026-06-26	hiring DevOps Engineer "send your resume" India | hiring SRE OR "Site Reliability" "share your CV" remote | hiring "Platform Engineer" OR "Cloud Engineer" "drop your resume" India remote
https://www.linkedin.com/feed/update/urn:li:groupPost:10330716-7476159845805559808	2026-06-26	hiring DevOps Engineer "send your resume" India | hiring SRE OR "Site Reliability" "share your CV" remote | hiring "Platform Engineer" OR "Cloud Engineer" "drop your resume" India remote
https://www.linkedin.com/posts/likitha-k-p-338b7a337_hiring-devops-devopsengineer-activity-7476177503519318017-wkS4	2026-06-26	hiring DevOps Engineer "send your resume" India | hiring SRE OR "Site Reliability" "share your CV" remote | hiring "Platform Engineer" OR "Cloud Engineer" "drop your resume" India remote
https://www.linkedin.com/posts/priya-uppala-aa429a3aa_azuredatabricks-dataengineer-hiring-activity-7476167104614862848-1bdP	2026-06-26	hiring DevOps Engineer "send your resume" India | hiring SRE OR "Site Reliability" "share your CV" remote | hiring "Platform Engineer" OR "Cloud Engineer" "drop your resume" India remote
https://www.linkedin.com/posts/activity-7476177401522257920-MyMU	2026-06-26	hiring DevOps Engineer "send your resume" India | hiring SRE OR "Site Reliability" "share your CV" remote | hiring "Platform Engineer" OR "Cloud Engineer" "drop your resume" India remote
https://www.linkedin.com/posts/alisya-zarina-03b386218_hiring-leadperformancetester-performancetesting-activity-7476177244592205825-5luk	2026-06-26	hiring DevOps Engineer "send your resume" India | hiring SRE OR "Site Reliability" "share your CV" remote | hiring "Platform Engineer" OR "Cloud Engineer" "drop your resume" India remote
